[35,18];666';018';null;667';665';maps/fondos/world/snow-tile.png;null
[34,18];667';019';null;668';666';maps/fondos/world/snow-tile.png;null
[33,18];668';020';null;669';667';maps/fondos/world/snow-tile.png;null
[32,18];669';021';null;670';668';maps/fondos/world/snow-tile.png;null
[31,18];670';022';null;671';669';maps/fondos/world/snow-tile.png;null
[30,18];671';023';null;672';670';maps/fondos/world/snow-tile.png;null
[29,18];672';024';null;673';671';maps/fondos/world/snow-tile.png;null
[28,18];673';025';null;674';672';maps/fondos/world/snow-tile.png;null
[27,18];674';026';null;675';673';maps/fondos/world/snow-tile.png;null
[26,18];675';027';null;676';674';maps/fondos/world/snow-tile.png;null
[25,18];676';028';null;677';675';maps/fondos/world/snow-tile.png;null
[24,18];677';029';null;678';676';maps/fondos/world/snow-tile.png;null
[23,18];678';030';null;679';677';maps/fondos/world/snow-tile.png;null
[22,18];679';031';null;680';678';maps/fondos/world/snow-tile.png;null
[21,18];680';032';null;681';679';maps/fondos/world/snow-tile.png;null
[20,18];681';033';null;682';680';maps/fondos/world/snow-tile.png;null
[19,18];682';034';null;683';681';maps/fondos/world/snow-tile.png;null
[18,18];683';035';null;648';682';maps/fondos/world/snow-tile.png;null
[17,18];648';000';null;649';683';maps/fondos/world/snow-tile.png;null
[16,18];649';001';null;650';648';maps/fondos/world/snow-tile.png;null
[15,18];650';002';null;651';649';maps/fondos/world/snow-tile.png;null
[14,18];651';003';null;652';650';maps/fondos/world/snow-tile.png;null
[13,18];652';004';null;653';651';maps/fondos/world/snow-tile.png;null
[12,18];653';005';null;654';652';maps/fondos/world/snow-tile.png;null
[11,18];654';006';null;655';653';maps/fondos/world/snow-tile.png;null
[10,18];655';007';null;656';654';maps/fondos/world/snow-tile.png;null
[9,18];656';008';null;657';655';maps/fondos/world/snow-tile.png;null
[8,18];657';009';null;658';656';maps/fondos/world/snow-tile.png;null
[7,18];658';010';null;659';657';maps/fondos/world/snow-tile.png;null
[6,18];659';011';null;660';658';maps/fondos/world/snow-tile.png;null
[5,18];660';012';null;661';659';maps/fondos/world/snow-tile.png;null
[4,18];661';013';null;662';660';maps/fondos/world/snow-tile.png;null
[3,18];662';014';null;663';661';maps/fondos/world/snow-tile.png;null
[2,18];663';015';null;664';662';maps/fondos/world/snow-tile.png;null
[1,18];664';016';null;665';663';maps/fondos/world/snow-tile.png;null
[0,18];665';017';null;666';664';maps/fondos/world/snow-tile.png;null
[35,17];018';054';666';017';019';maps/fondos/anti-world/anti-tile-018.png;null
[34,17];019';055';667';018';020';maps/fondos/anti-world/anti-tile-019.png;null
[33,17];020';056';668';019';021';maps/fondos/anti-world/anti-tile-020.png;null
[32,17];021';057';669';020';022';maps/fondos/anti-world/anti-tile-021.png;null
[31,17];022';058';670';021';023';maps/fondos/anti-world/anti-tile-022.png;null
[30,17];023';059';671';022';024';maps/fondos/anti-world/anti-tile-023.png;null
[29,17];024';060';672';023';025';maps/fondos/anti-world/anti-tile-024.png;null
[28,17];025';061';673';024';026';maps/fondos/anti-world/anti-tile-025.png;null
[27,17];026';062';674';025';027';maps/fondos/anti-world/anti-tile-026.png;null
[26,17];027';063';675';026';028';maps/fondos/anti-world/anti-tile-027.png;null
[25,17];028';064';676';027';029';maps/fondos/anti-world/anti-tile-028.png;null
[24,17];029';065';677';028';030';maps/fondos/anti-world/anti-tile-029.png;null
[23,17];030';066';678';029';031';maps/fondos/anti-world/anti-tile-030.png;null
[22,17];031';067';679';030';032';maps/fondos/anti-world/anti-tile-031.png;null
[21,17];032';068';680';031';033';maps/fondos/anti-world/anti-tile-032.png;null
[20,17];033';069';681';032';034';maps/fondos/anti-world/anti-tile-033.png;null
[19,17];034';070';682';033';035';maps/fondos/anti-world/anti-tile-034.png;null
[18,17];035';071';683';034';000';maps/fondos/anti-world/anti-tile-035.png;null
[17,17];000';036';648';035';001';maps/fondos/anti-world/anti-tile-000.png;null
[16,17];001';037';649';000';002';maps/fondos/anti-world/anti-tile-001.png;null
[15,17];002';038';650';001';003';maps/fondos/anti-world/anti-tile-002.png;null
[14,17];003';039';651';002';004';maps/fondos/anti-world/anti-tile-003.png;null
[13,17];004';040';652';003';005';maps/fondos/anti-world/anti-tile-004.png;null
[12,17];005';041';653';004';006';maps/fondos/anti-world/anti-tile-005.png;null
[11,17];006';042';654';005';007';maps/fondos/anti-world/anti-tile-006.png;null
[10,17];007';043';655';006';008';maps/fondos/anti-world/anti-tile-007.png;null
[9,17];008';044';656';007';009';maps/fondos/anti-world/anti-tile-008.png;null
[8,17];009';045';657';008';010';maps/fondos/anti-world/anti-tile-009.png;null
[7,17];010';046';658';009';011';maps/fondos/anti-world/anti-tile-010.png;null
[6,17];011';047';659';010';012';maps/fondos/anti-world/anti-tile-011.png;null
[5,17];012';048';660';011';013';maps/fondos/anti-world/anti-tile-012.png;null
[4,17];013';049';661';012';014';maps/fondos/anti-world/anti-tile-013.png;null
[3,17];014';050';662';013';015';maps/fondos/anti-world/anti-tile-014.png;null
[2,17];015';051';663';014';016';maps/fondos/anti-world/anti-tile-015.png;null
[1,17];016';052';664';015';017';maps/fondos/anti-world/anti-tile-016.png;null
[0,17];017';053';665';016';018';maps/fondos/anti-world/anti-tile-017.png;null
[35,16];054';090';018';053';055';maps/fondos/anti-world/anti-tile-054.png;null
[34,16];055';091';019';054';056';maps/fondos/anti-world/anti-tile-055.png;null
[33,16];056';092';020';055';057';maps/fondos/anti-world/anti-tile-056.png;null
[32,16];057';093';021';056';058';maps/fondos/anti-world/anti-tile-057.png;null
[31,16];058';094';022';057';059';maps/fondos/anti-world/anti-tile-058.png;null
[30,16];059';095';023';058';060';maps/fondos/anti-world/anti-tile-059.png;null
[29,16];060';096';024';059';061';maps/fondos/anti-world/anti-tile-060.png;null
[28,16];061';097';025';060';062';maps/fondos/anti-world/anti-tile-061.png;null
[27,16];062';098';026';061';063';maps/fondos/anti-world/anti-tile-062.png;null
[26,16];063';099';027';062';064';maps/fondos/anti-world/anti-tile-063.png;null
[25,16];064';100';028';063';065';maps/fondos/anti-world/anti-tile-064.png;null
[24,16];065';101';029';064';066';maps/fondos/anti-world/anti-tile-065.png;null
[23,16];066';102';030';065';067';maps/fondos/anti-world/anti-tile-066.png;null
[22,16];067';103';031';066';068';maps/fondos/world/water-tile.png;null
[21,16];068';104';032';067';069';maps/fondos/world/water-tile.png;null
[20,16];069';105';033';068';070';maps/fondos/world/water-tile.png;null
[19,16];070';106';034';069';071';maps/fondos/world/water-tile.png;null
[18,16];071';107';035';070';036';maps/fondos/anti-world/anti-tile-071.png;null
[17,16];036';072';000';071';037';maps/fondos/world/water-tile.png;null
[16,16];037';073';001';036';038';maps/fondos/world/water-tile.png;null
[15,16];038';074';002';037';039';maps/fondos/world/water-tile.png;null
[14,16];039';075';003';038';040';maps/fondos/world/water-tile.png;null
[13,16];040';076';004';039';041';maps/fondos/anti-world/anti-tile-040.png;null
[12,16];041';077';005';040';042';maps/fondos/anti-world/anti-tile-041.png;null
[11,16];042';078';006';041';043';maps/fondos/anti-world/anti-tile-042.png;null
[10,16];043';079';007';042';044';maps/fondos/anti-world/anti-tile-043.png;null
[9,16];044';080';008';043';045';maps/fondos/world/water-tile.png;null
[8,16];045';081';009';044';046';maps/fondos/world/water-tile.png;null
[7,16];046';082';010';045';047';maps/fondos/world/water-tile.png;null
[6,16];047';083';011';046';048';maps/fondos/world/water-tile.png;null
[5,16];048';084';012';047';049';maps/fondos/world/water-tile.png;null
[4,16];049';085';013';048';050';maps/fondos/world/water-tile.png;null
[3,16];050';086';014';049';051';maps/fondos/world/water-tile.png;null
[2,16];051';087';015';050';052';maps/fondos/world/water-tile.png;null
[1,16];052';088';016';051';053';maps/fondos/world/water-tile.png;null
[0,16];053';089';017';052';054';maps/fondos/world/water-tile.png;null
[35,15];090';126';054';089';091';maps/fondos/anti-world/anti-tile-090.png;null
[34,15];091';127';055';090';092';maps/fondos/anti-world/anti-tile-091.png;null
[33,15];092';128';056';091';093';maps/fondos/anti-world/anti-tile-092.png;null
[32,15];093';129';057';092';094';maps/fondos/world/grass-tile.png;null
[31,15];094';130';058';093';095';maps/fondos/world/grass-tile.png;null
[30,15];095';131';059';094';096';maps/fondos/world/grass-tile.png;null
[29,15];096';132';060';095';097';maps/fondos/world/grass-tile.png;null
[28,15];097';133';061';096';098';maps/fondos/anti-world/anti-tile-097.png;null
[27,15];098';134';062';097';099';maps/fondos/anti-world/anti-tile-098.png;null
[26,15];099';135';063';098';100';maps/fondos/world/grass-tile.png;null
[25,15];100';136';064';099';101';maps/fondos/anti-world/anti-tile-100.png;null
[24,15];101';137';065';100';102';maps/fondos/world/grass-tile.png;null
[23,15];102';138';066';101';103';maps/fondos/anti-world/anti-tile-102.png;null
[22,15];103';139';067';102';104';maps/fondos/anti-world/anti-tile-103.png;null
[21,15];104';140';068';103';105';maps/fondos/world/water-tile.png;null
[20,15];105';141';069';104';106';maps/fondos/world/water-tile.png;null
[19,15];106';142';070';105';107';maps/fondos/world/water-tile.png;null
[18,15];107';143';071';106';072';maps/fondos/world/water-tile.png;null
[17,15];072';108';036';107';073';maps/fondos/world/water-tile.png;null
[16,15];073';109';037';072';074';maps/fondos/world/water-tile.png;null
[15,15];074';110';038';073';075';maps/fondos/anti-world/anti-tile-074.png;null
[14,15];075';111';039';074';076';maps/fondos/anti-world/anti-tile-075.png;null
[13,15];076';112';040';075';077';maps/fondos/anti-world/anti-tile-076.png;null
[12,15];077';113';041';076';078';maps/fondos/anti-world/anti-tile-077.png;null
[11,15];078';114';042';077';079';maps/fondos/anti-world/anti-tile-078.png;null
[10,15];079';115';043';078';080';maps/fondos/anti-world/anti-tile-079.png;null
[9,15];080';116';044';079';081';maps/fondos/anti-world/anti-tile-080.png;null
[8,15];081';117';045';080';082';maps/fondos/anti-world/anti-tile-081.png;null
[7,15];082';118';046';081';083';maps/fondos/world/water-tile.png;null
[6,15];083';119';047';082';084';maps/fondos/world/water-tile.png;null
[5,15];084';120';048';083';085';maps/fondos/world/water-tile.png;null
[4,15];085';121';049';084';086';maps/fondos/world/water-tile.png;null
[3,15];086';122';050';085';087';maps/fondos/world/water-tile.png;null
[2,15];087';123';051';086';088';maps/fondos/world/water-tile.png;null
[1,15];088';124';052';087';089';maps/fondos/world/water-tile.png;null
[0,15];089';125';053';088';090';maps/fondos/anti-world/anti-tile-089.png;null
[35,14];126';162';090';125';127';maps/fondos/world/grass-tile.png;null
[34,14];127';163';091';126';128';maps/fondos/world/grass-tile.png;null
[33,14];128';164';092';127';129';maps/fondos/world/grass-tile.png;null
[32,14];129';165';093';128';130';maps/fondos/world/grass-tile.png;null
[31,14];130';166';094';129';131';maps/fondos/world/grass-tile.png;null
[30,14];131';167';095';130';132';maps/fondos/world/grass-tile.png;null
[29,14];132';168';096';131';133';maps/fondos/world/grass-tile.png;null
[28,14];133';169';097';132';134';maps/fondos/world/grass-tile.png;null
[27,14];134';170';098';133';135';maps/fondos/world/grass-tile.png;null
[26,14];135';171';099';134';136';maps/fondos/world/grass-tile.png;null
[25,14];136';172';100';135';137';maps/fondos/world/grass-tile.png;null
[24,14];137';173';101';136';138';maps/fondos/world/grass-tile.png;null
[23,14];138';174';102';137';139';maps/fondos/world/grass-tile.png;null
[22,14];139';175';103';138';140';maps/fondos/anti-world/anti-tile-139.png;null
[21,14];140';176';104';139';141';maps/fondos/world/water-tile.png;null
[20,14];141';177';105';140';142';maps/fondos/world/water-tile.png;null
[19,14];142';178';106';141';143';maps/fondos/world/water-tile.png;null
[18,14];143';179';107';142';108';maps/fondos/world/water-tile.png;null
[17,14];108';144';072';143';109';maps/fondos/world/water-tile.png;null
[16,14];109';145';073';108';110';maps/fondos/world/water-tile.png;null
[15,14];110';146';074';109';111';maps/fondos/anti-world/anti-tile-110.png;null
[14,14];111';147';075';110';112';maps/fondos/world/grass-tile.png;null
[13,14];112';148';076';111';113';maps/fondos/world/grass-tile.png;null
[12,14];113';149';077';112';114';maps/fondos/world/grass-tile.png;null
[11,14];114';150';078';113';115';maps/fondos/world/grass-tile.png;null
[10,14];115';151';079';114';116';maps/fondos/world/grass-tile.png;null
[9,14];116';152';080';115';117';maps/fondos/world/grass-tile.png;null
[8,14];117';153';081';116';118';maps/fondos/anti-world/anti-tile-117.png;null
[7,14];118';154';082';117';119';maps/fondos/anti-world/anti-tile-118.png;null
[6,14];119';155';083';118';120';maps/fondos/world/water-tile.png;null
[5,14];120';156';084';119';121';maps/fondos/world/water-tile.png;null
[4,14];121';157';085';120';122';maps/fondos/world/water-tile.png;null
[3,14];122';158';086';121';123';maps/fondos/world/water-tile.png;null
[2,14];123';159';087';122';124';maps/fondos/world/water-tile.png;null
[1,14];124';160';088';123';125';maps/fondos/world/water-tile.png;null
[0,14];125';161';089';124';126';maps/fondos/anti-world/anti-tile-125.png;null
[35,13];162';198';126';127';163';maps/fondos/world/grass-tile.png;null
[34,13];163';199';127';126';164';maps/fondos/world/grass-tile.png;null
[33,13];164';200';128';125';165';maps/fondos/world/grass-tile.png;null
[32,13];165';201';129';124';166';maps/fondos/world/grass-tile.png;null
[31,13];166';202';130';123';167';maps/fondos/world/grass-tile.png;null
[30,13];167';203';131';122';168';maps/fondos/world/grass-tile.png;null
[29,13];168';204';132';121';169';maps/fondos/world/grass-tile.png;null
[28,13];169';205';133';120';170';maps/fondos/world/grass-tile.png;null
[27,13];170';206';134';119';171';maps/fondos/world/grass-tile.png;null
[26,13];171';207';135';118';172';maps/fondos/world/grass-tile.png;null
[25,13];172';208';136';117';173';maps/fondos/world/grass-tile.png;null
[24,13];173';209';137';116';174';maps/fondos/world/grass-tile.png;null
[23,13];174';210';138';115';175';maps/fondos/world/grass-tile.png;null
[22,13];175';211';139';114';176';maps/fondos/anti-world/anti-tile-175.png;null
[21,13];176';212';140';113';177';maps/fondos/world/water-tile.png;null
[20,13];177';213';141';112';178';maps/fondos/world/water-tile.png;null
[19,13];178';214';142';111';179';maps/fondos/world/water-tile.png;null
[18,13];179';215';143';110';144';maps/fondos/world/water-tile.png;null
[17,13];144';180';108';179';145';maps/fondos/world/water-tile.png;null
[16,13];145';181';109';144';146';maps/fondos/world/water-tile.png;null
[15,13];146';182';110';143';147';maps/fondos/anti-world/anti-tile-146.png;null
[14,13];147';183';111';142';148';maps/fondos/world/grass-tile.png;null
[13,13];148';184';112';141';149';maps/fondos/world/grass-tile.png;null
[12,13];149';185';113';140';150';maps/fondos/world/grass-tile.png;null
[11,13];150';186';114';139';151';maps/fondos/world/grass-tile.png;null
[10,13];151';187';115';138';152';maps/fondos/world/grass-tile.png;null
[9,13];152';188';116';137';153';maps/fondos/world/grass-tile.png;null
[8,13];153';189';117';136';154';maps/fondos/world/grass-tile.png;null
[7,13];154';190';118';135';155';maps/fondos/anti-world/anti-tile-154.png;null
[6,13];155';191';119';134';156';maps/fondos/world/water-tile.png;null
[5,13];156';192';120';133';157';maps/fondos/world/water-tile.png;null
[4,13];157';193';121';132';158';maps/fondos/world/water-tile.png;null
[3,13];158';194';122';131';159';maps/fondos/world/water-tile.png;null
[2,13];159';195';123';130';160';maps/fondos/world/water-tile.png;null
[1,13];160';196';124';129';161';maps/fondos/anti-world/anti-tile-160.png;null
[0,13];161';197';125';128';162';maps/fondos/anti-world/anti-tile-161.png;null
[35,12];198';234';162';197';199';maps/fondos/world/grass-tile.png;null
[34,12];199';235';163';198';200';maps/fondos/world/grass-tile.png;null
[33,12];200';236';164';199';201';maps/fondos/world/grass-tile.png;null
[32,12];201';237';165';200';202';maps/fondos/world/grass-tile.png;null
[31,12];202';238';166';201';203';maps/fondos/world/grass-tile.png;null
[30,12];203';239';167';202';204';maps/fondos/world/grass-tile.png;null
[29,12];204';240';168';203';205';maps/fondos/world/grass-tile.png;null
[28,12];205';241';169';204';206';maps/fondos/world/grass-tile.png;null
[27,12];206';242';170';205';207';maps/fondos/world/grass-tile.png;null
[26,12];207';243';171';206';208';maps/fondos/world/grass-tile.png;null
[25,12];208';244';172';207';209';maps/fondos/world/grass-tile.png;null
[24,12];209';245';173';208';210';maps/fondos/world/grass-tile.png;null
[23,12];210';246';174';209';211';maps/fondos/world/grass-tile.png;null
[22,12];211';247';175';210';212';maps/fondos/anti-world/anti-tile-211.png;null
[21,12];212';248';176';211';213';maps/fondos/world/water-tile.png;null
[20,12];213';249';177';212';214';maps/fondos/world/water-tile.png;null
[19,12];214';250';178';213';215';maps/fondos/world/water-tile.png;null
[18,12];215';251';179';214';180';maps/fondos/world/water-tile.png;null
[17,12];180';216';144';215';181';maps/fondos/world/water-tile.png;null
[16,12];181';217';145';180';182';maps/fondos/world/water-tile.png;null
[15,12];182';218';146';181';183';maps/fondos/anti-world/anti-tile-182.png;null
[14,12];183';219';147';182';184';maps/fondos/world/grass-tile.png;null
[13,12];184';220';148';183';185';maps/fondos/world/grass-tile.png;null
[12,12];185';221';149';184';186';maps/fondos/world/grass-tile.png;null
[11,12];186';222';150';185';187';maps/fondos/world/grass-tile.png;null
[10,12];187';223';151';186';188';maps/fondos/world/grass-tile.png;null
[9,12];188';224';152';187';189';maps/fondos/world/grass-tile.png;null
[8,12];189';225';153';188';190';maps/fondos/world/grass-tile.png;null
[7,12];190';226';154';189';191';maps/fondos/anti-world/anti-tile-190.png;null
[6,12];191';227';155';190';192';maps/fondos/world/water-tile.png;null
[5,12];192';228';156';191';193';maps/fondos/world/water-tile.png;null
[4,12];193';229';157';192';194';maps/fondos/world/water-tile.png;null
[3,12];194';230';158';193';195';maps/fondos/world/water-tile.png;null
[2,12];195';231';159';194';196';maps/fondos/world/water-tile.png;null
[1,12];196';232';160';195';197';maps/fondos/anti-world/anti-tile-196.png;null
[0,12];197';233';161';196';198';maps/fondos/world/grass-tile.png;null
[35,11];234';270';198';233';235';maps/fondos/world/grass-tile.png;null
[34,11];235';271';199';234';236';maps/fondos/world/grass-tile.png;null
[33,11];236';272';200';235';237';maps/fondos/world/grass-tile.png;null
[32,11];237';273';201';236';238';maps/fondos/world/grass-tile.png;null
[31,11];238';274';202';237';239';maps/fondos/world/grass-tile.png;null
[30,11];239';275';203';238';240';maps/fondos/world/grass-tile.png;null
[29,11];240';276';204';239';241';maps/fondos/world/grass-tile.png;null
[28,11];241';277';205';240';242';maps/fondos/world/grass-tile.png;null
[27,11];242';278';206';241';243';maps/fondos/world/grass-tile.png;null
[26,11];243';279';207';242';244';maps/fondos/world/grass-tile.png;null
[25,11];244';280';208';243';245';maps/fondos/world/grass-tile.png;null
[24,11];245';281';209';244';246';maps/fondos/world/grass-tile.png;null
[23,11];246';282';210';245';247';maps/fondos/world/grass-tile.png;null
[22,11];247';283';211';246';248';maps/fondos/anti-world/anti-tile-247.png;null
[21,11];248';284';212';247';249';maps/fondos/world/water-tile.png;null
[20,11];249';285';213';248';250';maps/fondos/world/water-tile.png;null
[19,11];250';286';214';249';251';maps/fondos/world/water-tile.png;null
[18,11];251';287';215';250';216';maps/fondos/world/water-tile.png;null
[17,11];216';252';180';251';217';maps/fondos/world/water-tile.png;null
[16,11];217';253';181';216';218';maps/fondos/anti-world/anti-tile-217.png;null
[15,11];218';254';182';217';219';maps/fondos/anti-world/anti-tile-218.png;null
[14,11];219';255';183';218';220';maps/fondos/world/grass-tile.png;null
[13,11];220';256';184';219';221';maps/fondos/world/grass-tile.png;null
[12,11];221';257';185';220';222';maps/fondos/world/grass-tile.png;null
[11,11];222';258';186';221';223';maps/fondos/world/grass-tile.png;null
[10,11];223';259';187';222';224';maps/fondos/world/grass-tile.png;null
[9,11];224';260';188';223';225';maps/fondos/world/grass-tile.png;null
[8,11];225';261';189';224';226';maps/fondos/world/grass-tile.png;null
[7,11];226';262';190';225';227';maps/fondos/anti-world/anti-tile-226.png;null
[6,11];227';263';191';226';228';maps/fondos/world/water-tile.png;null
[5,11];228';264';192';227';229';maps/fondos/world/water-tile.png;null
[4,11];229';265';193';228';230';maps/fondos/world/water-tile.png;null
[3,11];230';266';194';229';231';maps/fondos/world/water-tile.png;null
[2,11];231';267';195';230';232';maps/fondos/world/water-tile.png;null
[1,11];232';268';196';231';233';maps/fondos/anti-world/anti-tile-232.png;null
[0,11];233';269';197';232';234';maps/fondos/anti-world/anti-tile-233.png;null
[35,10];270';306';234';269';271';maps/fondos/world/grass-tile.png;null
[34,10];271';307';235';270';272';maps/fondos/world/grass-tile.png;null
[33,10];272';308';236';271';273';maps/fondos/world/grass-tile.png;null
[32,10];273';309';237';272';274';maps/fondos/world/grass-tile.png;null
[31,10];274';310';238';273';275';maps/fondos/world/grass-tile.png;null
[30,10];275';311';239';274';276';maps/fondos/world/grass-tile.png;null
[29,10];276';312';240';275';277';maps/fondos/world/grass-tile.png;null
[28,10];277';313';241';276';278';maps/fondos/world/grass-tile.png;null
[27,10];278';314';242';277';279';maps/fondos/world/grass-tile.png;null
[26,10];279';315';243';278';280';maps/fondos/world/grass-tile.png;null
[25,10];280';316';244';279';281';maps/fondos/world/grass-tile.png;null
[24,10];281';317';245';280';282';maps/fondos/anti-world/anti-tile-281.png;null
[23,10];282';318';246';281';283';maps/fondos/anti-world/anti-tile-282.png;null
[22,10];283';319';247';282';284';maps/fondos/anti-world/anti-tile-283.png;null
[21,10];284';320';248';283';285';maps/fondos/world/water-tile.png;null
[20,10];285';321';249';284';286';maps/fondos/world/water-tile.png;null
[19,10];286';322';250';285';287';maps/fondos/world/water-tile.png;null
[18,10];287';323';251';286';252';maps/fondos/world/water-tile.png;null
[17,10];252';288';216';287';253';maps/fondos/world/water-tile.png;null
[16,10];253';289';217';252';254';maps/fondos/anti-world/anti-tile-253.png;null
[15,10];254';290';218';253';255';maps/fondos/world/grass-tile.png;null
[14,10];255';291';219';254';256';maps/fondos/world/grass-tile.png;null
[13,10];256';292';220';255';257';maps/fondos/world/grass-tile.png;null
[12,10];257';293';221';256';258';maps/fondos/world/grass-tile.png;null
[11,10];258';294';222';257';259';maps/fondos/world/grass-tile.png;null
[10,10];259';295';223';258';260';maps/fondos/world/grass-tile.png;null
[9,10];260';296';224';259';261';maps/fondos/world/grass-tile.png;null
[8,10];261';297';225';260';262';maps/fondos/anti-world/anti-tile-261.png;null
[7,10];262';298';226';261';263';maps/fondos/anti-world/anti-tile-262.png;null
[6,10];263';299';227';262';264';maps/fondos/world/water-tile.png;null
[5,10];264';300';228';263';265';maps/fondos/world/water-tile.png;null
[4,10];265';301';229';264';266';maps/fondos/world/water-tile.png;null
[3,10];266';302';230';265';267';maps/fondos/world/water-tile.png;null
[2,10];267';303';231';266';268';maps/fondos/world/water-tile.png;null
[1,10];268';304';232';267';269';maps/fondos/world/water-tile.png;null
[0,10];269';305';233';268';270';maps/fondos/anti-world/anti-tile-269.png;null
[35,9];306';342';270';305';307';maps/fondos/anti-world/anti-tile-306.png;null
[34,9];307';343';271';306';308';maps/fondos/anti-world/anti-tile-307.png;null
[33,9];308';344';272';307';309';maps/fondos/anti-world/anti-tile-308.png;null
[32,9];309';345';273';308';310';maps/fondos/anti-world/anti-tile-309.png;null
[31,9];310';346';274';309';311';maps/fondos/anti-world/anti-tile-310.png;null
[30,9];311';347';275';310';312';maps/fondos/world/grass-tile.png;null
[29,9];312';348';276';311';313';maps/fondos/anti-world/anti-tile-312.png;null
[28,9];313';349';277';312';314';maps/fondos/anti-world/anti-tile-313.png;null
[27,9];314';350';278';313';315';maps/fondos/anti-world/anti-tile-314.png;null
[26,9];315';351';279';314';316';maps/fondos/anti-world/anti-tile-315.png;null
[25,9];316';352';280';315';317';maps/fondos/anti-world/anti-tile-316.png;null
[24,9];317';353';281';316';318';maps/fondos/anti-world/anti-tile-317.png;null
[23,9];318';354';282';317';319';maps/fondos/anti-world/anti-tile-318.png;null
[22,9];319';355';283';318';320';maps/fondos/anti-world/anti-tile-319.png;null
[21,9];320';356';284';319';321';maps/fondos/world/water-tile.png;null
[20,9];321';357';285';320';322';maps/fondos/world/water-tile.png;null
[19,9];322';358';286';321';323';maps/fondos/world/water-tile.png;null
[18,9];323';359';287';322';288';maps/fondos/world/water-tile.png;null
[17,9];288';324';252';323';289';maps/fondos/world/water-tile.png;null
[16,9];289';325';253';288';290';maps/fondos/anti-world/anti-tile-289.png;null
[15,9];290';326';254';289';291';maps/fondos/anti-world/anti-tile-290.png;null
[14,9];291';327';255';290';292';maps/fondos/world/grass-tile.png;null
[13,9];292';328';256';291';293';maps/fondos/world/grass-tile.png;null
[12,9];293';329';257';292';294';maps/fondos/world/grass-tile.png;null
[11,9];294';330';258';293';295';maps/fondos/world/grass-tile.png;null
[10,9];295';331';259';294';296';maps/fondos/world/grass-tile.png;null
[9,9];296';332';260';295';297';maps/fondos/world/grass-tile.png;null
[8,9];297';333';261';296';298';maps/fondos/anti-world/anti-tile-297.png;null
[7,9];298';334';262';297';299';maps/fondos/world/water-tile.png;null
[6,9];299';335';263';298';300';maps/fondos/world/water-tile.png;null
[5,9];300';336';264';299';301';maps/fondos/world/water-tile.png;null
[4,9];301';337';265';300';302';maps/fondos/world/water-tile.png;null
[3,9];302';338';266';301';303';maps/fondos/world/water-tile.png;null
[2,9];303';339';267';302';304';maps/fondos/world/water-tile.png;null
[1,9];304';340';268';303';305';maps/fondos/world/water-tile.png;null
[0,9];305';341';269';304';306';maps/fondos/anti-world/anti-tile-305.png;null
[35,8];342';378';306';342';343';maps/fondos/world/water-tile.png;null
[34,8];343';379';307';343';344';maps/fondos/world/water-tile.png;null
[33,8];344';380';308';344';345';maps/fondos/world/water-tile.png;null
[32,8];345';381';309';345';346';maps/fondos/world/water-tile.png;null
[31,8];346';382';310';346';347';maps/fondos/anti-world/anti-tile-346.png;null
[30,8];347';383';311';347';348';maps/fondos/anti-world/anti-tile-347.png;null
[29,8];348';384';312';348';349';maps/fondos/anti-world/anti-tile-348.png;null
[28,8];349';385';313';349';350';maps/fondos/anti-world/anti-tile-349.png;null
[27,8];350';386';314';350';351';maps/fondos/anti-world/anti-tile-350.png;null
[26,8];351';387';315';351';352';maps/fondos/anti-world/anti-tile-351.png;null
[25,8];352';388';316';352';353';maps/fondos/world/water-tile.png;null
[24,8];353';389';317';353';354';maps/fondos/world/water-tile.png;null
[23,8];354';390';318';354';355';maps/fondos/anti-world/anti-tile-354.png;null
[22,8];355';391';319';355';356';maps/fondos/world/water-tile.png;null
[21,8];356';392';320';356';357';maps/fondos/world/water-tile.png;null
[20,8];357';393';321';357';358';maps/fondos/world/water-tile.png;null
[19,8];358';394';322';358';359';maps/fondos/world/water-tile.png;null
[18,8];359';395';323';359';324';maps/fondos/world/water-tile.png;null
[17,8];324';360';288';359';325';maps/fondos/world/water-tile.png;null
[16,8];325';361';289';325';326';maps/fondos/world/water-tile.png;null
[15,8];326';362';290';326';327';maps/fondos/anti-world/anti-tile-326.png;null
[14,8];327';363';291';327';328';maps/fondos/world/grass-tile.png;null
[13,8];328';364';292';328';329';maps/fondos/world/grass-tile.png;null
[12,8];329';365';293';329';330';maps/fondos/world/grass-tile.png;null
[11,8];330';366';294';330';331';maps/fondos/world/grass-tile.png;null
[10,8];331';367';295';331';332';maps/fondos/world/grass-tile.png;null
[9,8];332';368';296';332';333';maps/fondos/world/grass-tile.png;null
[8,8];333';369';297';333';334';maps/fondos/anti-world/anti-tile-333.png;null
[7,8];334';370';298';334';335';maps/fondos/anti-world/anti-tile-334.png;null
[6,8];335';371';299';335';336';maps/fondos/world/water-tile.png;null
[5,8];336';372';300';336';337';maps/fondos/world/water-tile.png;null
[4,8];337';373';301';337';338';maps/fondos/world/water-tile.png;null
[3,8];338';374';302';338';339';maps/fondos/world/water-tile.png;null
[2,8];339';375';303';339';340';maps/fondos/world/water-tile.png;null
[1,8];340';376';304';340';341';maps/fondos/world/water-tile.png;null
[0,8];341';377';305';341';342';maps/fondos/world/water-tile.png;null
[35,7];378';414';342';377';379';maps/fondos/anti-world/anti-tile-378.png;null
[34,7];379';415';343';378';380';maps/fondos/anti-world/anti-tile-379.png;null
[33,7];380';416';344';379';381';maps/fondos/anti-world/anti-tile-380.png;null
[32,7];381';417';345';380';382';maps/fondos/anti-world/anti-tile-381.png;null
[31,7];382';418';346';381';383';maps/fondos/anti-world/anti-tile-382.png;null
[30,7];383';419';347';382';384';maps/fondos/anti-world/anti-tile-383.png;null
[29,7];384';420';348';383';385';maps/fondos/anti-world/anti-tile-384.png;null
[28,7];385';421';349';384';386';maps/fondos/anti-world/anti-tile-385.png;null
[27,7];386';422';350';385';387';maps/fondos/anti-world/anti-tile-386.png;null
[26,7];387';423';351';386';388';maps/fondos/anti-world/anti-tile-387.png;null
[25,7];388';424';352';387';389';maps/fondos/anti-world/anti-tile-388.png;null
[24,7];389';425';353';388';390';maps/fondos/anti-world/anti-tile-389.png;null
[23,7];390';426';354';389';391';maps/fondos/anti-world/anti-tile-390.png;null
[22,7];391';427';355';390';392';maps/fondos/anti-world/anti-tile-391.png;null
[21,7];392';428';356';391';393';maps/fondos/anti-world/anti-tile-392.png;null
[20,7];393';429';357';392';394';maps/fondos/world/water-tile.png;null
[19,7];394';430';358';393';395';maps/fondos/world/water-tile.png;null
[18,7];395';431';359';394';360';maps/fondos/world/water-tile.png;null
[17,7];360';396';324';395';361';maps/fondos/world/water-tile.png;null
[16,7];361';397';325';360';362';maps/fondos/world/water-tile.png;null
[15,7];362';398';326';361';363';maps/fondos/anti-world/anti-tile-362.png;null
[14,7];363';399';327';362';364';maps/fondos/world/grass-tile.png;null
[13,7];364';400';328';363';365';maps/fondos/world/grass-tile.png;null
[12,7];365';401';329';364';366';maps/fondos/world/grass-tile.png;null
[11,7];366';402';330';365';367';maps/fondos/world/grass-tile.png;null
[10,7];367';403';331';366';368';maps/fondos/world/grass-tile.png;null
[9,7];368';404';332';367';369';maps/fondos/world/grass-tile.png;null
[8,7];369';405';333';368';370';maps/fondos/world/grass-tile.png;null
[7,7];370';406';334';369';371';maps/fondos/anti-world/anti-tile-370.png;null
[6,7];371';407';335';370';372';maps/fondos/world/water-tile.png;null
[5,7];372';408';336';371';373';maps/fondos/world/water-tile.png;null
[4,7];373';409';337';372';374';maps/fondos/world/water-tile.png;null
[3,7];374';410';338';373';375';maps/fondos/anti-world/anti-tile-374.png;null
[2,7];375';411';339';374';376';maps/fondos/anti-world/anti-tile-375.png;null
[1,7];376';412';340';375';377';maps/fondos/anti-world/anti-tile-376.png;null
[0,7];377';413';341';376';378';maps/fondos/anti-world/anti-tile-377.png;null
[35,6];414';450';378';413';415';maps/fondos/world/grass-tile.png;null
[34,6];415';451';379';414';416';maps/fondos/world/grass-tile.png;null
[33,6];416';452';380';415';417';maps/fondos/world/grass-tile.png;null
[32,6];417';453';381';416';418';maps/fondos/world/grass-tile.png;null
[31,6];418';454';382';417';419';maps/fondos/world/grass-tile.png;null
[30,6];419';455';383';418';420';maps/fondos/world/grass-tile.png;null
[29,6];420';456';384';419';421';maps/fondos/world/grass-tile.png;null
[28,6];421';457';385';420';422';maps/fondos/world/grass-tile.png;null
[27,6];422';458';386';421';423';maps/fondos/world/grass-tile.png;null
[26,6];423';459';387';422';424';maps/fondos/world/grass-tile.png;null
[25,6];424';460';388';423';425';maps/fondos/world/grass-tile.png;null
[24,6];425';461';389';424';426';maps/fondos/world/grass-tile.png;null
[23,6];426';462';390';425';427';maps/fondos/world/grass-tile.png;null
[22,6];427';463';391';426';428';maps/fondos/world/grass-tile.png;null
[21,6];428';464';392';427';429';maps/fondos/anti-world/anti-tile-428.png;null
[20,6];429';465';393';428';430';maps/fondos/anti-world/anti-tile-429.png;null
[19,6];430';466';394';429';431';maps/fondos/anti-world/anti-tile-430.png;null
[18,6];431';467';395';430';396';maps/fondos/world/water-tile.png;null
[17,6];396';432';360';431';397';maps/fondos/world/water-tile.png;null
[16,6];397';433';361';396';398';maps/fondos/world/water-tile.png;null
[15,6];398';434';362';397';399';maps/fondos/anti-world/anti-tile-398.png;null
[14,6];399';435';363';398';400';maps/fondos/world/grass-tile.png;null
[13,6];400';436';364';399';401';maps/fondos/world/grass-tile.png;null
[12,6];401';437';365';400';402';maps/fondos/world/grass-tile.png;null
[11,6];402';438';366';401';403';maps/fondos/world/grass-tile.png;null
[10,6];403';439';367';402';404';maps/fondos/world/grass-tile.png;null
[9,6];404';440';368';403';405';maps/fondos/world/grass-tile.png;null
[8,6];405';441';369';404';406';maps/fondos/world/grass-tile.png;null
[7,6];406';442';370';405';407';maps/fondos/anti-world/anti-tile-406.png;null
[6,6];407';443';371';406';408';maps/fondos/world/water-tile.png;null
[5,6];408';444';372';407';409';maps/fondos/world/water-tile.png;null
[4,6];409';445';373';408';410';maps/fondos/anti-world/anti-tile-409.png;null
[3,6];410';446';374';409';411';maps/fondos/anti-world/anti-tile-410.png;null
[2,6];411';447';375';410';412';maps/fondos/anti-world/anti-tile-411.png;null
[1,6];412';448';376';411';413';maps/fondos/world/grass-tile.png;null
[0,6];413';449';377';412';414';maps/fondos/world/grass-tile.png;null
[35,5];450';486';414';449';451';maps/fondos/world/grass-tile.png;null
[34,5];451';487';415';450';452';maps/fondos/world/grass-tile.png;null
[33,5];452';488';416';451';453';maps/fondos/world/grass-tile.png;null
[32,5];453';489';417';452';454';maps/fondos/world/grass-tile.png;null
[31,5];454';490';418';453';455';maps/fondos/world/grass-tile.png;null
[30,5];455';491';419';454';456';maps/fondos/world/grass-tile.png;null
[29,5];456';492';420';455';457';maps/fondos/world/grass-tile.png;null
[28,5];457';493';421';456';458';maps/fondos/world/grass-tile.png;null
[27,5];458';494';422';457';459';maps/fondos/world/grass-tile.png;null
[26,5];459';495';423';458';460';maps/fondos/world/grass-tile.png;null
[25,5];460';496';424';459';461';maps/fondos/world/grass-tile.png;null
[24,5];461';497';425';460';462';maps/fondos/world/grass-tile.png;null
[23,5];462';498';426';461';463';maps/fondos/world/grass-tile.png;null
[22,5];463';499';427';462';464';maps/fondos/world/grass-tile.png;null
[21,5];464';500';428';463';465';maps/fondos/world/grass-tile.png;null
[20,5];465';501';429';464';466';maps/fondos/anti-world/anti-tile-465.png;null
[19,5];466';502';430';465';467';maps/fondos/anti-world/anti-tile-466.png;null
[18,5];467';503';431';466';432';maps/fondos/world/water-tile.png;null
[17,5];432';468';396';467';433';maps/fondos/world/water-tile.png;null
[16,5];433';469';397';432';434';maps/fondos/world/water-tile.png;null
[15,5];434';470';398';433';435';maps/fondos/anti-world/anti-tile-434.png;null
[14,5];435';471';399';434';436';maps/fondos/world/grass-tile.png;null
[13,5];436';472';400';435';437';maps/fondos/world/grass-tile.png;null
[12,5];437';473';401';436';438';maps/fondos/world/grass-tile.png;null
[11,5];438';474';402';437';439';maps/fondos/world/grass-tile.png;null
[10,5];439';475';403';438';440';maps/fondos/world/grass-tile.png;null
[9,5];440';476';404';439';441';maps/fondos/world/grass-tile.png;null
[8,5];441';477';405';440';442';maps/fondos/anti-world/anti-tile-441.png;null
[7,5];442';478';406';441';443';maps/fondos/anti-world/anti-tile-442.png;null
[6,5];443';479';407';442';444';maps/fondos/world/water-tile.png;null
[5,5];444';480';408';443';445';maps/fondos/world/water-tile.png;null
[4,5];445';481';409';444';446';maps/fondos/anti-world/anti-tile-445.png;null
[3,5];446';482';410';445';447';maps/fondos/anti-world/anti-tile-446.png;null
[2,5];447';483';411';446';448';maps/fondos/world/grass-tile.png;null
[1,5];448';484';412';447';449';maps/fondos/world/grass-tile.png;null
[0,5];449';485';413';448';450';maps/fondos/world/grass-tile.png;null
[35,4];486';522';450';485';487';maps/fondos/world/grass-tile.png;null
[34,4];487';523';451';486';488';maps/fondos/world/grass-tile.png;null
[33,4];488';524';452';487';489';maps/fondos/world/grass-tile.png;null
[32,4];489';525';453';488';490';maps/fondos/world/grass-tile.png;null
[31,4];490';526';454';489';491';maps/fondos/world/grass-tile.png;null
[30,4];491';527';455';490';492';maps/fondos/world/grass-tile.png;null
[29,4];492';528';456';491';493';maps/fondos/world/grass-tile.png;null
[28,4];493';529';457';492';494';maps/fondos/world/grass-tile.png;null
[27,4];494';530';458';493';495';maps/fondos/world/grass-tile.png;null
[26,4];495';531';459';494';496';maps/fondos/world/grass-tile.png;null
[25,4];496';532';460';495';497';maps/fondos/world/grass-tile.png;null
[24,4];497';533';461';496';498';maps/fondos/world/grass-tile.png;null
[23,4];498';534';462';497';499';maps/fondos/world/grass-tile.png;null
[22,4];499';535';463';498';500';maps/fondos/world/grass-tile.png;null
[21,4];500';536';464';499';501';maps/fondos/world/grass-tile.png;null
[20,4];501';537';465';500';502';maps/fondos/anti-world/anti-tile-501.png;null
[19,4];502';538';466';501';503';maps/fondos/anti-world/anti-tile-502.png;null
[18,4];503';539';467';502';468';maps/fondos/world/water-tile.png;null
[17,4];468';504';432';503';469';maps/fondos/world/water-tile.png;null
[16,4];469';505';433';468';470';maps/fondos/world/water-tile.png;null
[15,4];470';506';434';469';471';maps/fondos/anti-world/anti-tile-470.png;null
[14,4];471';507';435';470';472';maps/fondos/anti-world/anti-tile-471.png;null
[13,4];472';508';436';471';473';maps/fondos/world/grass-tile.png;null
[12,4];473';509';437';472';474';maps/fondos/world/grass-tile.png;null
[11,4];474';510';438';473';475';maps/fondos/world/grass-tile.png;null
[10,4];475';511';439';474';476';maps/fondos/world/grass-tile.png;null
[9,4];476';512';440';475';477';maps/fondos/world/grass-tile.png;null
[8,4];477';513';441';476';478';maps/fondos/anti-world/anti-tile-477.png;null
[7,4];478';514';442';477';479';maps/fondos/world/water-tile.png;null
[6,4];479';515';443';478';480';maps/fondos/world/water-tile.png;null
[5,4];480';516';444';479';481';maps/fondos/world/water-tile.png;null
[4,4];481';517';445';480';482';maps/fondos/world/water-tile.png;null
[3,4];482';518';446';481';483';maps/fondos/anti-world/anti-tile-482.png;null
[2,4];483';519';447';482';484';maps/fondos/world/grass-tile.png;null
[1,4];484';520';448';483';485';maps/fondos/world/grass-tile.png;null
[0,4];485';521';449';484';486';maps/fondos/world/grass-tile.png;null
[35,3];522';558';486';521';523';maps/fondos/world/grass-tile.png;null
[34,3];523';559';487';522';524';maps/fondos/world/grass-tile.png;null
[33,3];524';560';488';523';525';maps/fondos/world/grass-tile.png;null
[32,3];525';561';489';524';526';maps/fondos/world/grass-tile.png;null
[31,3];526';562';490';525';527';maps/fondos/world/grass-tile.png;null
[30,3];527';563';491';526';528';maps/fondos/world/grass-tile.png;null
[29,3];528';564';492';527';529';maps/fondos/world/grass-tile.png;null
[28,3];529';565';493';528';530';maps/fondos/world/grass-tile.png;null
[27,3];530';566';494';529';531';maps/fondos/world/grass-tile.png;null
[26,3];531';567';495';530';532';maps/fondos/world/grass-tile.png;null
[25,3];532';568';496';531';533';maps/fondos/world/grass-tile.png;null
[24,3];533';569';497';532';534';maps/fondos/world/grass-tile.png;null
[23,3];534';570';498';533';535';maps/fondos/world/grass-tile.png;null
[22,3];535';571';499';534';536';maps/fondos/world/grass-tile.png;null
[21,3];536';572';500';535';537';maps/fondos/world/grass-tile.png;null
[20,3];537';573';501';536';538';maps/fondos/anti-world/anti-tile-537.png;null
[19,3];538';574';502';537';539';maps/fondos/world/water-tile.png;null
[18,3];539';575';503';538';504';maps/fondos/world/water-tile.png;null
[17,3];504';540';468';539';505';maps/fondos/world/water-tile.png;null
[16,3];505';541';469';504';506';maps/fondos/world/water-tile.png;null
[15,3];506';542';470';505';507';maps/fondos/world/water-tile.png;null
[14,3];507';543';471';506';508';maps/fondos/anti-world/anti-tile-507.png;null
[13,3];508';544';472';507';509';maps/fondos/world/grass-tile.png;null
[12,3];509';545';473';508';510';maps/fondos/world/grass-tile.png;null
[11,3];510';546';474';509';511';maps/fondos/world/grass-tile.png;null
[10,3];511';547';475';510';512';maps/fondos/world/grass-tile.png;null
[9,3];512';548';476';511';513';maps/fondos/world/grass-tile.png;null
[8,3];513';549';477';512';514';maps/fondos/anti-world/anti-tile-513.png;null
[7,3];514';550';478';513';515';maps/fondos/world/water-tile.png;null
[6,3];515';551';479';514';516';maps/fondos/world/water-tile.png;null
[5,3];516';552';480';515';517';maps/fondos/world/water-tile.png;null
[4,3];517';553';481';516';518';maps/fondos/anti-world/anti-tile-517.png;null
[3,3];518';554';482';517';519';maps/fondos/anti-world/anti-tile-518.png;null
[2,3];519';555';483';518';520';maps/fondos/world/grass-tile.png;null
[1,3];520';556';484';519';521';maps/fondos/world/grass-tile.png;null
[0,3];521';557';485';520';522';maps/fondos/world/grass-tile.png;null
[35,2];558';594';522';557';559';maps/fondos/world/grass-tile.png;null
[34,2];559';595';523';558';560';maps/fondos/world/grass-tile.png;null
[33,2];560';596';524';559';561';maps/fondos/world/grass-tile.png;null
[32,2];561';597';525';560';562';maps/fondos/world/grass-tile.png;null
[31,2];562';598';526';561';563';maps/fondos/world/grass-tile.png;null
[30,2];563';599';527';562';564';maps/fondos/world/grass-tile.png;null
[29,2];564';600';528';563';565';maps/fondos/world/grass-tile.png;null
[28,2];565';601';529';564';566';maps/fondos/world/grass-tile.png;null
[27,2];566';602';530';565';567';maps/fondos/world/grass-tile.png;null
[26,2];567';603';531';566';568';maps/fondos/world/grass-tile.png;null
[25,2];568';604';532';567';569';maps/fondos/world/grass-tile.png;null
[24,2];569';605';533';568';570';maps/fondos/world/grass-tile.png;null
[23,2];570';606';534';569';571';maps/fondos/world/grass-tile.png;null
[22,2];571';607';535';570';572';maps/fondos/world/grass-tile.png;null
[21,2];572';608';536';571';573';maps/fondos/world/grass-tile.png;null
[20,2];573';609';537';572';574';maps/fondos/anti-world/anti-tile-573.png;null
[19,2];574';610';538';573';575';maps/fondos/world/water-tile.png;null
[18,2];575';611';539';574';540';maps/fondos/world/water-tile.png;null
[17,2];540';576';504';575';541';maps/fondos/world/water-tile.png;null
[16,2];541';577';505';540';542';maps/fondos/world/water-tile.png;null
[15,2];542';578';506';541';543';maps/fondos/world/water-tile.png;null
[14,2];543';579';507';542';544';maps/fondos/anti-world/anti-tile-543.png;null
[13,2];544';580';508';543';545';maps/fondos/anti-world/anti-tile-544.png;null
[12,2];545';581';509';544';546';maps/fondos/anti-world/anti-tile-545.png;null
[11,2];546';582';510';545';547';maps/fondos/world/grass-tile.png;null
[10,2];547';583';511';546';548';maps/fondos/anti-world/anti-tile-547.png;null
[9,2];548';584';512';547';549';maps/fondos/anti-world/anti-tile-548.png;null
[8,2];549';585';513';548';550';maps/fondos/anti-world/anti-tile-549.png;null
[7,2];550';586';514';549';551';maps/fondos/world/water-tile.png;null
[6,2];551';587';515';550';552';maps/fondos/world/water-tile.png;null
[5,2];552';588';516';551';553';maps/fondos/world/water-tile.png;null
[4,2];553';589';517';552';554';maps/fondos/anti-world/anti-tile-553.png;null
[3,2];554';590';518';553';555';maps/fondos/anti-world/anti-tile-554.png;null
[2,2];555';591';519';554';556';maps/fondos/anti-world/anti-tile-555.png;null
[1,2];556';592';520';555';557';maps/fondos/world/grass-tile.png;null
[0,2];557';593';521';556';558';maps/fondos/world/grass-tile.png;null
[35,1];594';630';558';593';595';maps/fondos/anti-world/anti-tile-594.png;null
[34,1];595';631';559';594';596';maps/fondos/anti-world/anti-tile-595.png;null
[33,1];596';632';560';595';597';maps/fondos/world/grass-tile.png;null
[32,1];597';633';561';596';598';maps/fondos/world/grass-tile.png;null
[31,1];598';634';562';597';599';maps/fondos/anti-world/anti-tile-598.png;null
[30,1];599';635';563';598';600';maps/fondos/anti-world/anti-tile-599.png;null
[29,1];600';636';564';599';601';maps/fondos/world/grass-tile.png;null
[28,1];601';637';565';600';602';maps/fondos/world/grass-tile.png;null
[27,1];602';638';566';601';603';maps/fondos/world/grass-tile.png;null
[26,1];603';639';567';602';604';maps/fondos/anti-world/anti-tile-603.png;null
[25,1];604';640';568';603';605';maps/fondos/anti-world/anti-tile-604.png;null
[24,1];605';641';569';604';606';maps/fondos/world/grass-tile.png;null
[23,1];606';642';570';605';607';maps/fondos/world/grass-tile.png;null
[22,1];607';643';571';606';608';maps/fondos/anti-world/anti-tile-607.png;null
[21,1];608';644';572';607';609';maps/fondos/anti-world/anti-tile-608.png;null
[20,1];609';645';573';608';610';maps/fondos/anti-world/anti-tile-609.png;null
[19,1];610';646';574';609';611';maps/fondos/world/water-tile.png;null
[18,1];611';647';575';610';576';maps/fondos/world/water-tile.png;null
[17,1];576';612';540';611';577';maps/fondos/world/water-tile.png;null
[16,1];577';613';541';576';578';maps/fondos/world/water-tile.png;null
[15,1];578';614';542';577';579';maps/fondos/world/water-tile.png;null
[14,1];579';615';543';578';580';maps/fondos/world/water-tile.png;null
[13,1];580';616';544';579';581';maps/fondos/world/water-tile.png;null
[12,1];581';617';545';580';582';maps/fondos/anti-world/anti-tile-581.png;null
[11,1];582';618';546';581';583';maps/fondos/anti-world/anti-tile-582.png;null
[10,1];583';619';547';582';584';maps/fondos/anti-world/anti-tile-583.png;null
[9,1];584';620';548';583';585';maps/fondos/anti-world/anti-tile-584.png;null
[8,1];585';621';549';584';586';maps/fondos/world/water-tile.png;null
[7,1];586';622';550';585';587';maps/fondos/world/water-tile.png;null
[6,1];587';623';551';586';588';maps/fondos/world/water-tile.png;null
[5,1];588';624';552';587';589';maps/fondos/world/water-tile.png;null
[4,1];589';625';553';588';590';maps/fondos/world/water-tile.png;null
[3,1];590';626';554';589';591';maps/fondos/world/water-tile.png;null
[2,1];591';627';555';590';592';maps/fondos/anti-world/anti-tile-591.png;null
[1,1];592';628';556';591';593';maps/fondos/anti-world/anti-tile-592.png;null
[0,1];593';629';557';592';594';maps/fondos/anti-world/anti-tile-593.png;null
[35,0];630';702';594';629';631';maps/fondos/anti-world/anti-tile-630.png;null
[34,0];631';703';595';630';632';maps/fondos/anti-world/anti-tile-631.png;null
[33,0];632';704';596';631';633';maps/fondos/anti-world/anti-tile-632.png;null
[32,0];633';705';597';632';634';maps/fondos/anti-world/anti-tile-633.png;null
[31,0];634';706';598';633';635';maps/fondos/anti-world/anti-tile-634.png;null
[30,0];635';707';599';634';636';maps/fondos/anti-world/anti-tile-635.png;null
[29,0];636';708';600';635';637';maps/fondos/anti-world/anti-tile-636.png;null
[28,0];637';709';601';636';638';maps/fondos/anti-world/anti-tile-637.png;null
[27,0];638';710';602';637';639';maps/fondos/anti-world/anti-tile-638.png;null
[26,0];639';711';603';638';640';maps/fondos/anti-world/anti-tile-639.png;null
[25,0];640';712';604';639';641';maps/fondos/anti-world/anti-tile-640.png;null
[24,0];641';713';605';640';642';maps/fondos/anti-world/anti-tile-641.png;null
[23,0];642';714';606';641';643';maps/fondos/anti-world/anti-tile-642.png;null
[22,0];643';715';607';642';644';maps/fondos/anti-world/anti-tile-643.png;null
[21,0];644';716';608';643';645';maps/fondos/anti-world/anti-tile-644.png;null
[20,0];645';717';609';644';646';maps/fondos/anti-world/anti-tile-645.png;null
[19,0];646';718';610';645';647';maps/fondos/anti-world/anti-tile-646.png;null
[18,0];647';719';611';646';612';maps/fondos/anti-world/anti-tile-647.png;null
[17,0];612';701';576';647';613';maps/fondos/anti-world/anti-tile-612.png;null
[16,0];613';700';577';612';614';maps/fondos/anti-world/anti-tile-613.png;null
[15,0];614';699';578';613';615';maps/fondos/anti-world/anti-tile-614.png;null
[14,0];615';698';579';614';616';maps/fondos/anti-world/anti-tile-615.png;null
[13,0];616';697';580';615';617';maps/fondos/anti-world/anti-tile-616.png;null
[12,0];617';696';581';616';618';maps/fondos/anti-world/anti-tile-617.png;null
[11,0];618';695';582';617';619';maps/fondos/anti-world/anti-tile-618.png;null
[10,0];619';694';583';618';620';maps/fondos/anti-world/anti-tile-619.png;null
[9,0];620';693';584';619';621';maps/fondos/anti-world/anti-tile-620.png;null
[8,0];621';692';585';620';622';maps/fondos/anti-world/anti-tile-621.png;null
[7,0];622';691';586';621';623';maps/fondos/anti-world/anti-tile-622.png;null
[6,0];623';690';587';622';624';maps/fondos/anti-world/anti-tile-623.png;null
[5,0];624';689';588';623';625';maps/fondos/anti-world/anti-tile-624.png;null
[4,0];625';688';589';624';626';maps/fondos/anti-world/anti-tile-625.png;null
[3,0];626';687';590';625';627';maps/fondos/anti-world/anti-tile-626.png;null
[2,0];627';686';591';626';628';maps/fondos/anti-world/anti-tile-627.png;null
[1,0];628';685';592';627';629';maps/fondos/anti-world/anti-tile-628.png;null
[0,0];629';684';593';628';630';maps/fondos/anti-world/anti-tile-629.png;null
[35,-1];702';null;630';684';703';maps/fondos/world/snow-tile.png;null
[34,-1];703';null;631';702';704';maps/fondos/world/snow-tile.png;null
[33,-1];704';null;632';703';705';maps/fondos/world/snow-tile.png;null
[32,-1];705';null;633';704';706';maps/fondos/world/snow-tile.png;null
[31,-1];706';null;634';705';707';maps/fondos/world/snow-tile.png;null
[30,-1];707';null;635';706';708';maps/fondos/world/snow-tile.png;null
[29,-1];708';null;636';707';709';maps/fondos/world/snow-tile.png;null
[28,-1];709';null;637';708';710';maps/fondos/world/snow-tile.png;null
[27,-1];710';null;638';709';711';maps/fondos/world/snow-tile.png;null
[26,-1];711';null;639';710';712';maps/fondos/world/snow-tile.png;null
[25,-1];712';null;640';711';713';maps/fondos/world/snow-tile.png;null
[24,-1];713';null;641';712';714';maps/fondos/world/snow-tile.png;null
[23,-1];714';null;642';713';715';maps/fondos/world/snow-tile.png;null
[22,-1];715';null;643';714';716';maps/fondos/world/snow-tile.png;null
[21,-1];716';null;644';715';717';maps/fondos/world/snow-tile.png;null
[20,-1];717';null;645';716';718';maps/fondos/world/snow-tile.png;null
[19,-1];718';null;646';717';719';maps/fondos/world/snow-tile.png;null
[18,-1];719';null;647';718';701';maps/fondos/world/snow-tile.png;null
[17,-1];701';null;612';719';700';maps/fondos/world/snow-tile.png;null
[16,-1];700';null;613';701';699';maps/fondos/world/snow-tile.png;null
[15,-1];699';null;614';700';698';maps/fondos/world/snow-tile.png;null
[14,-1];698';null;615';699';697';maps/fondos/world/snow-tile.png;null
[13,-1];697';null;616';698';696';maps/fondos/world/snow-tile.png;null
[12,-1];696';null;617';697';695';maps/fondos/world/snow-tile.png;null
[11,-1];695';null;618';696';694';maps/fondos/world/snow-tile.png;null
[10,-1];694';null;619';695';693';maps/fondos/world/snow-tile.png;null
[9,-1];693';null;620';694';692';maps/fondos/world/snow-tile.png;null
[8,-1];692';null;621';693';691';maps/fondos/world/snow-tile.png;null
[7,-1];691';null;622';692';690';maps/fondos/world/snow-tile.png;null
[6,-1];690';null;623';691';689';maps/fondos/world/snow-tile.png;null
[5,-1];689';null;624';690';688';maps/fondos/world/snow-tile.png;null
[4,-1];688';null;625';689';687';maps/fondos/world/snow-tile.png;null
[3,-1];687';null;626';688';686';maps/fondos/world/snow-tile.png;null
[2,-1];686';null;627';687';685';maps/fondos/world/snow-tile.png;null
[1,-1];685';null;628';686';684';maps/fondos/world/snow-tile.png;null
[0,-1];684';null;629';685';702';maps/fondos/world/snow-tile.png;null
